"Date","Price","Open","High","Low","Change %"
"Jan 12, 2018","56.6433","56.4285","56.7417","56.4275","0.38"
"Jan 11, 2018","56.4285","57.0222","57.0696","56.4285","-1.04"
"Jan 10, 2018","57.0222","56.9930","57.0981","56.7717","0.05"
"Jan 09, 2018","56.9930","56.9903","57.1831","56.8314","0.00"
"Jan 05, 2018","56.9903","56.8765","57.1261","56.8765","0.20"
"Jan 04, 2018","56.8765","57.2561","57.2844","56.8000","-0.66"
"Jan 03, 2018","57.2561","57.6114","57.6114","57.1263","-0.62"
"Dec 29, 2017","57.6114","57.5153","57.9111","57.4786","0.17"
"Dec 28, 2017","57.5153","57.7424","57.7431","57.4034","-0.39"
"Dec 27, 2017","57.7424","57.6230","57.9155","57.3927","0.21"
"Dec 26, 2017","57.6230","57.9674","58.0099","57.5807","-0.59"
"Dec 25, 2017","57.9674","58.3697","58.3764","57.8085","-0.69"
"Dec 22, 2017","58.3697","58.4615","58.4615","58.2079","-0.16"
"Dec 21, 2017","58.4615","58.7035","58.7066","58.4262","-0.41"
"Dec 20, 2017","58.7035","58.7743","58.7757","58.5971","-0.12"
"Dec 19, 2017","58.7743","58.6635","58.8439","58.5448","0.19"
"Dec 18, 2017","58.6635","58.8009","58.8009","58.5653","-0.23"
"Dec 15, 2017","58.8009","58.7556","59.0216","58.7270","0.08"
"Dec 14, 2017","58.7556","58.6190","58.9110","58.5582","0.23"
"Dec 13, 2017","58.6190","59.2960","59.2960","58.5591","-1.14"
"Dec 12, 2017","59.2960","58.9983","59.2968","58.7873","0.50"
"Dec 11, 2017","58.9983","59.1639","59.3192","58.8852","-0.28"
"Dec 08, 2017","59.1639","59.1867","59.3811","59.0525","-0.04"
"Dec 07, 2017","59.1867","59.2180","59.3672","59.0799","-0.05"
"Dec 06, 2017","59.2180","58.7367","59.2446","58.7367","0.82"
"Dec 05, 2017","58.7367","58.8003","58.8246","58.6024","-0.11"
"Dec 04, 2017","58.8003","58.8960","59.1026","58.6605","-0.16"
"Dec 01, 2017","58.8960","58.4380","59.1325","58.4380","0.78"
"Nov 30, 2017","58.4380","58.6144","58.7341","58.3637","-0.30"
"Nov 29, 2017","58.6144","58.3803","58.7032","58.2550","0.40"
"Nov 28, 2017","58.3803","58.4853","58.5440","58.2163","-0.18"
"Nov 27, 2017","58.4853","58.3732","58.5050","58.0568","0.19"
"Nov 24, 2017","58.3732","58.4456","58.5971","58.2538","-0.12"
"Nov 23, 2017","58.4456","58.5001","58.5281","58.3272","-0.09"
"Nov 22, 2017","58.5001","59.1888","59.1888","58.4490","-1.16"
"Nov 21, 2017","59.1888","59.3469","59.5362","59.1002","-0.27"
"Nov 20, 2017","59.3469","59.0623","59.5624","59.0623","0.48"
"Nov 17, 2017","59.0623","59.6749","59.7576","59.0068","-1.03"
"Nov 16, 2017","59.6749","60.2027","60.2150","59.5879","-0.88"
"Nov 15, 2017","60.2027","60.2303","60.4123","60.0322","-0.05"
"Nov 14, 2017","60.2303","59.3625","60.2412","59.3500","1.46"
"Nov 13, 2017","59.3625","59.2115","59.5688","59.0832","0.26"
"Nov 10, 2017","59.2115","59.2894","59.3512","58.9799","-0.13"
"Nov 09, 2017","59.2894","59.2551","59.4201","59.1151","0.06"
"Nov 08, 2017","59.2551","59.3594","59.5735","59.0780","-0.18"
"Nov 07, 2017","59.3594","59.0800","59.4318","58.3385","0.47"
"Nov 03, 2017","59.0800","58.1619","59.2695","58.1619","1.58"
"Nov 02, 2017","58.1619","58.2807","58.4351","58.0120","-0.20"
"Nov 01, 2017","58.2807","58.3289","58.3992","58.0335","-0.08"
"Oct 31, 2017","58.3289","57.9716","58.6003","57.9568","0.62"
"Oct 30, 2017","57.9716","58.0680","58.0806","57.6700","-0.17"
"Oct 27, 2017","58.0680","57.8560","58.7456","57.8547","0.37"
"Oct 26, 2017","57.8560","57.7552","57.8856","57.4830","0.17"
"Oct 25, 2017","57.7552","57.6412","57.8150","57.5255","0.20"
"Oct 24, 2017","57.6412","57.5480","57.6950","57.3870","0.16"
"Oct 23, 2017","57.5480","57.4945","57.5500","57.3864","0.09"
"Oct 20, 2017","57.4945","57.2734","57.6343","57.2725","0.39"
"Oct 19, 2017","57.2734","57.4379","57.7178","57.2589","-0.29"
"Oct 18, 2017","57.4379","57.2975","57.5026","57.1978","0.25"
"Oct 17, 2017","57.2975","57.3217","57.5419","57.2589","-0.04"
"Oct 16, 2017","57.3217","57.1740","57.3796","56.9956","0.26"
"Oct 13, 2017","57.1740","57.6879","57.7212","57.0588","-0.89"
"Oct 12, 2017","57.6879","57.8310","57.8369","57.6273","-0.25"
"Oct 11, 2017","57.8310","57.9808","58.0033","57.7717","-0.26"
"Oct 10, 2017","57.9808","58.3470","58.3600","57.8178","-0.63"
"Oct 09, 2017","58.3470","58.1880","58.5018","58.1880","0.27"
"Oct 06, 2017","58.1880","57.6916","58.2568","57.6914","0.86"
"Oct 05, 2017","57.6916","57.6845","57.7150","57.3965","0.01"
"Oct 04, 2017","57.6845","57.9168","57.9168","57.5375","-0.40"
"Oct 03, 2017","57.9168","57.8990","58.1529","57.8280","0.03"
"Oct 02, 2017","57.8990","57.4898","57.9824","57.4803","0.71"
"Sep 29, 2017","57.4898","57.9127","58.0883","57.4789","-0.73"
"Sep 28, 2017","57.9127","58.1983","58.5738","57.9123","-0.49"
"Sep 27, 2017","58.1983","57.8226","58.3733","57.8200","0.65"
"Sep 26, 2017","57.8226","57.5710","58.1430","57.3856","0.44"
"Sep 25, 2017","57.5710","57.4783","57.7437","57.2474","0.16"
"Sep 22, 2017","57.4783","57.9010","57.9025","57.4402","-0.73"
"Sep 21, 2017","57.9010","58.1041","58.3387","57.7720","-0.35"
"Sep 20, 2017","58.1041","58.1302","58.2862","57.7271","-0.04"
"Sep 19, 2017","58.1302","58.1199","58.3793","57.9240","0.02"
"Sep 18, 2017","58.1199","57.6329","58.1484","57.5100","0.85"
"Sep 15, 2017","57.6329","57.4996","57.7680","57.3962","0.23"
"Sep 14, 2017","57.4996","57.9559","57.9559","57.3945","-0.79"
"Sep 13, 2017","57.9559","57.7056","57.9758","57.5621","0.43"
"Sep 12, 2017","57.7056","57.2123","57.7537","57.1373","0.86"
"Sep 11, 2017","57.2123","57.3570","57.3675","57.0469","-0.25"
"Sep 08, 2017","57.3570","56.9000","57.4810","56.8354","0.80"
"Sep 07, 2017","56.9000","57.3641","57.3682","56.7937","-0.81"
"Sep 06, 2017","57.3641","57.5270","57.5694","57.2721","-0.28"
"Sep 05, 2017","57.5270","57.8349","58.0915","57.2395","-0.53"
"Sep 04, 2017","57.8349","57.5159","57.9533","57.5159","0.55"
"Sep 01, 2017","57.5159","58.0060","58.1909","57.3924","-0.84"
"Aug 31, 2017","58.0060","58.5678","58.6389","57.9844","-0.96"
"Aug 30, 2017","58.5678","58.8299","58.8993","58.3338","-0.45"
"Aug 29, 2017","58.8299","58.4388","58.8808","58.4350","0.67"
"Aug 28, 2017","58.4388","58.5828","58.6810","58.3435","-0.25"
"Aug 25, 2017","58.5828","59.1624","59.2058","58.5598","-0.98"
"Aug 24, 2017","59.1624","59.0630","59.2708","59.0630","0.17"
"Aug 23, 2017","59.0630","59.0868","59.2320","59.0014","-0.04"
"Aug 22, 2017","59.0868","59.1428","59.1450","58.9327","-0.09"
"Aug 21, 2017","59.1428","59.0003","59.2053","58.9374","0.24"
"Aug 18, 2017","59.0003","59.2340","59.4993","58.9996","-0.39"
"Aug 17, 2017","59.2340","59.3852","59.4696","59.0005","-0.25"
"Aug 16, 2017","59.3852","59.7038","59.7315","59.2911","-0.53"
"Aug 15, 2017","59.7038","59.8630","60.1036","59.7025","-0.27"
"Aug 14, 2017","59.8630","59.8733","59.8825","59.5678","-0.02"
"Aug 11, 2017","59.8733","60.1170","60.2975","59.8023","-0.41"
"Aug 10, 2017","60.1170","59.9945","60.1295","59.7318","0.20"
"Aug 09, 2017","59.9945","59.8262","60.2120","59.8175","0.28"
"Aug 08, 2017","59.8262","60.0388","60.0993","59.7073","-0.35"
"Aug 07, 2017","60.0388","59.9798","60.3208","59.8786","0.10"
"Aug 04, 2017","59.9798","60.3489","60.4695","59.8503","-0.61"
"Aug 03, 2017","60.3489","60.5811","60.8357","60.0933","-0.38"
"Aug 02, 2017","60.5811","60.3483","60.8208","60.3483","0.39"
"Aug 01, 2017","60.3483","59.7719","60.3509","59.7335","0.96"
"Jul 31, 2017","59.7719","59.5578","60.3264","59.5578","0.36"
"Jul 28, 2017","59.5578","59.4968","59.6408","59.3795","0.10"
"Jul 27, 2017","59.4968","59.4064","59.6435","59.3345","0.15"
"Jul 26, 2017","59.4064","59.8868","60.0525","59.3748","-0.80"
"Jul 25, 2017","59.8868","60.0094","60.1596","59.7296","-0.20"
"Jul 24, 2017","60.0094","59.3829","60.1958","59.3715","1.06"
"Jul 21, 2017","59.3829","58.9316","59.3932","58.7825","0.77"
"Jul 20, 2017","58.9316","58.9970","59.2153","58.8018","-0.11"
"Jul 19, 2017","58.9970","59.1807","59.3678","58.9362","-0.31"
"Jul 18, 2017","59.1807","59.3550","59.4569","58.9138","-0.29"
"Jul 17, 2017","59.3550","59.0851","59.4023","58.9745","0.46"
"Jul 14, 2017","59.0851","59.8363","59.9482","59.0430","-1.26"
"Jul 13, 2017","59.8363","59.9962","60.2787","59.6683","-0.27"
"Jul 12, 2017","59.9962","60.7255","60.7255","59.9013","-1.20"
"Jul 11, 2017","60.7255","60.2273","60.9884","60.2273","0.83"
"Jul 10, 2017","60.2273","60.3610","60.5332","60.2031","-0.22"
"Jul 07, 2017","60.3610","60.1558","60.6085","60.1558","0.34"
"Jul 06, 2017","60.1558","59.9993","60.4011","59.7753","0.26"
"Jul 05, 2017","59.9993","59.4093","60.2416","59.3157","0.99"
"Jul 04, 2017","59.4093","59.2840","59.4500","59.1490","0.21"
"Jul 03, 2017","59.2840","58.9401","59.4635","58.8083","0.58"
"Jun 30, 2017","58.9401","59.4146","59.5184","58.8703","-0.80"
"Jun 29, 2017","59.4146","59.2004","59.5745","58.9164","0.36"
"Jun 28, 2017","59.2004","59.4894","59.8825","59.2003","-0.49"
"Jun 27, 2017","59.4894","58.7853","59.4894","58.6671","1.20"
"Jun 26, 2017","58.7853","59.3950","59.3950","58.7815","-1.03"
"Jun 23, 2017","59.3950","59.9460","59.9675","59.3595","-0.92"
"Jun 22, 2017","59.9460","60.3063","60.3743","59.6603","-0.60"
"Jun 21, 2017","60.3063","59.6200","60.4192","59.3409","1.15"
"Jun 20, 2017","59.6200","58.4527","59.7619","58.4041","2.00"
"Jun 19, 2017","58.4527","57.7790","58.4727","57.6915","1.17"
"Jun 16, 2017","57.7790","57.8743","57.8900","57.4375","-0.16"
"Jun 15, 2017","57.8743","57.4307","57.8875","57.3269","0.77"
"Jun 14, 2017","57.4307","56.9845","57.5461","56.8392","0.78"
"Jun 13, 2017","56.9845","57.0237","57.0300","56.8358","-0.07"
"Jun 09, 2017","57.0237","56.9048","57.0378","56.9048","0.21"
"Jun 08, 2017","56.9048","57.0911","57.1124","56.8213","-0.33"
"Jun 07, 2017","57.0911","56.5353","57.1621","56.5080","0.98"
"Jun 06, 2017","56.5353","56.6103","56.7641","56.4212","-0.13"
"Jun 05, 2017","56.6103","56.6453","56.7400","56.4881","-0.06"
"Jun 02, 2017","56.6453","56.3983","56.8405","56.3850","0.44"
"Jun 01, 2017","56.3983","56.5617","56.7053","56.1125","-0.29"
"May 31, 2017","56.5617","56.5497","56.9338","56.5400","0.02"
"May 30, 2017","56.5497","56.4855","56.7860","56.4553","0.11"
"May 29, 2017","56.4855","56.5203","56.8079","56.2943","-0.06"
"May 26, 2017","56.5203","56.9672","57.0016","56.4914","-0.78"
"May 25, 2017","56.9672","56.4127","57.0174","56.0007","0.98"
"May 24, 2017","56.4127","56.3695","56.5718","56.2238","0.08"
"May 23, 2017","56.3695","56.6293","56.7062","56.2283","-0.46"
"May 22, 2017","56.6293","56.9264","56.9264","56.4120","-0.52"
"May 19, 2017","56.9264","57.5828","57.5836","56.6623","-1.14"
"May 18, 2017","57.5828","57.0978","58.1179","57.0978","0.85"
"May 17, 2017","57.0978","56.5699","57.0985","56.5669","0.93"
"May 16, 2017","56.5699","56.3520","56.5699","56.1954","0.39"
"May 15, 2017","56.3520","57.0974","57.0974","56.2318","-1.31"
"May 12, 2017","57.0974","57.0558","57.3360","57.0013","0.07"
"May 11, 2017","57.0558","57.4522","57.4522","56.9360","-0.69"
"May 10, 2017","57.4522","57.9436","58.3487","57.4113","-0.85"
"May 05, 2017","57.9436","58.3694","58.8033","57.9291","-0.73"
"May 04, 2017","58.3694","57.3911","58.4580","57.3911","1.70"
"May 03, 2017","57.3911","57.0137","57.3934","57.0000","0.66"
"May 02, 2017","57.0137","56.9311","57.1600","56.8595","0.15"
"Apr 28, 2017","56.9311","56.9705","57.1156","56.6332","-0.07"
"Apr 27, 2017","56.9705","57.1535","57.2628","56.7246","-0.32"
"Apr 26, 2017","57.1535","56.1574","57.1535","56.1574","1.77"
"Apr 25, 2017","56.1574","55.8438","56.2288","55.7498","0.56"
"Apr 24, 2017","55.8438","56.4576","56.4613","55.7253","-1.09"
"Apr 21, 2017","56.4576","56.2073","56.5900","56.0660","0.45"
"Apr 20, 2017","56.2073","56.5833","56.5833","56.1039","-0.66"
"Apr 19, 2017","56.5833","56.2408","56.7334","56.0687","0.61"
"Apr 18, 2017","56.2408","55.9267","56.2416","55.8661","0.56"
"Apr 17, 2017","55.9267","56.3578","56.3625","55.9065","-0.76"
"Apr 14, 2017","56.3578","56.2679","56.3883","56.0979","0.16"
"Apr 13, 2017","56.2679","56.6023","56.6495","56.1710","-0.59"
"Apr 12, 2017","56.6023","56.9215","57.1306","56.5467","-0.56"
"Apr 11, 2017","56.9215","57.1778","57.1778","56.8250","-0.45"
"Apr 10, 2017","57.1778","57.2480","57.5506","57.0848","-0.12"
"Apr 07, 2017","57.2480","56.3955","57.2550","56.3955","1.51"
"Apr 06, 2017","56.3955","56.3790","56.5688","56.1840","0.03"
"Apr 05, 2017","56.3790","56.0787","56.3978","55.8088","0.54"
"Apr 04, 2017","56.0787","56.0830","56.6985","56.0493","-0.01"
"Apr 03, 2017","56.0830","56.2665","56.4578","55.9455","-0.33"
"Mar 31, 2017","56.2665","56.0929","56.5223","55.8808","0.31"
"Mar 30, 2017","56.0929","56.6068","56.6188","55.9220","-0.91"
"Mar 29, 2017","56.6068","57.0335","57.1397","56.5803","-0.75"
"Mar 28, 2017","57.0335","56.9101","57.1825","56.8288","0.22"
"Mar 27, 2017","56.9101","56.8904","57.2148","56.7447","0.03"
"Mar 24, 2017","56.8904","57.4353","57.4897","56.8890","-0.95"
"Mar 23, 2017","57.4353","57.7887","57.7887","57.3400","-0.61"
"Mar 22, 2017","57.7887","57.6980","58.1999","57.5705","0.16"
"Mar 21, 2017","57.6980","57.2987","57.6994","57.0081","0.70"
"Mar 20, 2017","57.2987","57.2234","57.6304","57.1944","0.13"
"Mar 17, 2017","57.2234","57.7819","58.0353","57.1682","-0.97"
"Mar 16, 2017","57.7819","58.3960","58.4995","57.6398","-1.05"
"Mar 15, 2017","58.3960","59.1627","59.2051","58.3908","-1.30"
"Mar 14, 2017","59.1627","58.7928","59.6053","58.7725","0.63"
"Mar 13, 2017","58.7928","58.9965","59.2166","58.7725","-0.35"
"Mar 10, 2017","58.9965","59.2998","59.3175","58.7240","-0.51"
"Mar 09, 2017","59.2998","58.1777","59.4921","58.1777","1.93"
"Mar 07, 2017","58.1777","58.2036","58.3636","57.8983","-0.04"
"Mar 06, 2017","58.2036","58.2217","58.4334","57.9446","-0.03"
"Mar 03, 2017","58.2217","58.8302","58.9954","58.1436","-1.03"
"Mar 02, 2017","58.8302","58.2831","58.8597","58.2700","0.94"
"Mar 01, 2017","58.2831","58.3058","58.5793","57.9983","-0.04"
"Feb 28, 2017","58.3058","58.0784","58.4958","57.8319","0.39"
"Feb 27, 2017","58.0784","58.4175","58.4175","57.5946","-0.58"
"Feb 24, 2017","58.4175","58.0668","58.5460","57.7886","0.60"
"Feb 22, 2017","58.0668","57.4153","58.1511","57.3144","1.13"
"Feb 21, 2017","57.4153","57.9656","58.0355","57.4135","-0.95"
"Feb 20, 2017","57.9656","58.4270","58.4270","57.9208","-0.79"
"Feb 17, 2017","58.4270","57.5993","58.5461","57.4947","1.44"
"Feb 16, 2017","57.5993","57.2565","57.6585","57.0218","0.60"
"Feb 15, 2017","57.2565","57.1288","57.8502","56.5701","0.22"
"Feb 14, 2017","57.1288","57.9851","57.9860","57.1017","-1.48"
"Feb 13, 2017","57.9851","58.2219","58.2469","57.8578","-0.41"
"Feb 10, 2017","58.2219","58.9600","58.9619","58.2166","-1.25"
"Feb 09, 2017","58.9600","59.2323","59.2323","58.6990","-0.46"
"Feb 08, 2017","59.2323","59.3378","59.5999","59.0993","-0.18"
"Feb 07, 2017","59.3378","58.9030","59.4891","58.8981","0.74"
"Feb 06, 2017","58.9030","58.9824","59.0886","58.5945","-0.13"
"Feb 03, 2017","58.9824","59.4117","59.5969","58.7760","-0.72"
"Feb 02, 2017","59.4117","60.1280","60.1325","58.8479","-1.19"
"Feb 01, 2017","60.1280","60.1589","60.3979","60.0625","-0.05"
"Jan 31, 2017","60.1589","59.9332","60.2301","59.8857","0.38"
"Jan 30, 2017","59.9332","59.8178","60.2714","59.8178","0.19"
"Jan 27, 2017","59.8178","60.4317","60.4465","59.5702","-1.02"
"Jan 26, 2017","60.4317","59.5145","60.5662","59.4055","1.54"
"Jan 25, 2017","59.5145","59.2511","59.6519","59.0756","0.44"
"Jan 24, 2017","59.2511","59.5022","59.5175","59.0935","-0.42"
"Jan 23, 2017","59.5022","59.7521","59.7550","59.3110","-0.42"
"Jan 20, 2017","59.7521","59.7304","59.9403","59.5923","0.04"
"Jan 19, 2017","59.7304","59.5544","60.2480","59.2077","0.30"
"Jan 18, 2017","59.5544","59.4025","59.5545","59.0469","0.26"
"Jan 17, 2017","59.4025","59.8588","59.8700","58.9786","-0.76"
"Jan 16, 2017","59.8588","59.6869","59.9415","59.4971","0.29"
"Jan 13, 2017","59.6869","59.3491","59.8298","59.2707","0.57"
"Jan 12, 2017","59.3491","59.7256","59.7475","59.0954","-0.63"
"Jan 11, 2017","59.7256","60.1636","60.6617","59.4947","-0.73"
"Jan 10, 2017","60.1636","60.0788","60.2796","59.8279","0.14"
"Jan 09, 2017","60.0788","59.6046","60.0860","59.6046","0.80"
"Jan 06, 2017","59.6046","59.4481","59.7457","59.1128","0.26"
"Jan 05, 2017","59.4481","60.4653","60.4653","59.2225","-1.68"
"Jan 04, 2017","60.4653","60.9133","61.1962","60.2536","-0.74"
"Jan 03, 2017","60.9133","61.2730","61.2865","60.3808","-0.59"
"Dec 30, 2016","61.2730","60.4138","61.6339","60.4119","1.42"
"Dec 29, 2016","60.4138","60.3297","60.7955","60.1232","0.14"
"Dec 28, 2016","60.3297","60.6708","60.7392","60.1189","-0.56"
"Dec 27, 2016","60.6708","60.9777","60.9785","60.5988","-0.50"
"Dec 26, 2016","60.9777","61.0564","61.0730","60.7822","-0.13"
"Dec 23, 2016","61.0564","60.9426","61.3663","60.7853","0.19"
"Dec 22, 2016","60.9426","61.1500","61.1675","60.7031","-0.34"
"Dec 21, 2016","61.1500","61.4518","61.4600","60.8764","-0.49"
"Dec 20, 2016","61.4518","61.9306","62.0003","61.3298","-0.77"
"Dec 19, 2016","61.9306","62.0946","62.0946","61.6666","-0.26"
"Dec 16, 2016","62.0946","61.7310","62.5001","61.4703","0.59"
"Dec 15, 2016","61.7310","62.0812","62.1000","61.3477","-0.56"
"Dec 14, 2016","62.0812","60.6029","62.0812","60.6029","2.44"
"Dec 13, 2016","60.6029","61.0442","61.3090","60.4866","-0.72"
"Dec 12, 2016","61.0442","62.4933","62.4933","60.7425","-2.32"
"Dec 09, 2016","62.4933","63.2743","63.3898","62.2198","-1.23"
"Dec 08, 2016","63.2743","63.2054","63.5253","63.2054","0.11"
"Dec 07, 2016","63.2054","63.8785","63.9822","63.1593","-1.05"
"Dec 06, 2016","63.8785","63.8175","63.9762","63.6647","0.10"
"Dec 05, 2016","63.8175","63.8820","64.0514","63.5144","-0.10"
"Dec 02, 2016","63.8820","63.9759","64.3440","63.7608","-0.15"
"Dec 01, 2016","63.9759","64.1420","64.1759","63.5113","-0.26"
"Nov 30, 2016","64.1420","65.0979","65.3806","63.9895","-1.47"
"Nov 29, 2016","65.0979","64.8383","65.4947","64.8365","0.40"
"Nov 28, 2016","64.8383","64.9468","65.1904","64.5596","-0.17"
"Nov 25, 2016","64.9468","64.4829","64.9725","64.3198","0.72"
"Nov 24, 2016","64.4829","64.4667","64.7897","64.3038","0.03"
"Nov 23, 2016","64.4667","63.7645","64.9435","63.7500","1.10"
"Nov 22, 2016","63.7645","63.9144","64.1155","63.4926","-0.23"
"Nov 21, 2016","63.9144","64.6963","64.7025","63.8836","-1.21"
"Nov 18, 2016","64.6963","64.8285","65.3016","64.5045","-0.20"
"Nov 17, 2016","64.8285","64.7795","65.0836","64.3081","0.08"
"Nov 16, 2016","64.7795","64.1741","65.5580","64.0947","0.94"
"Nov 15, 2016","64.1741","66.0222","66.0325","64.1734","-2.80"
"Nov 14, 2016","66.0222","65.7592","66.4812","65.7150","0.40"
"Nov 11, 2016","65.7592","65.4926","66.2933","65.0640","0.41"
"Nov 10, 2016","65.4926","63.8751","65.5511","63.2876","2.53"
"Nov 09, 2016","63.8751","63.7595","64.0953","63.2526","0.18"
"Nov 08, 2016","63.7595","63.6380","63.8395","63.6377","0.19"
"Nov 07, 2016","63.6380","63.5800","63.9646","63.5589","0.09"
"Nov 03, 2016","63.5806","63.5101","63.8153","63.4546","0.11"
"Nov 02, 2016","63.5101","63.3208","63.8343","63.3200","0.30"
"Nov 01, 2016","63.3208","63.3823","63.3823","62.9151","-0.10"
"Oct 31, 2016","63.3823","63.0059","63.4560","63.0059","0.60"
"Oct 28, 2016","63.0059","62.7163","63.1210","62.7025","0.46"
"Oct 27, 2016","62.7163","62.8987","63.2185","62.5986","-0.29"
"Oct 26, 2016","62.8987","62.2667","62.9948","62.1909","1.01"
"Oct 25, 2016","62.2667","62.1881","62.2729","61.9508","0.13"
"Oct 24, 2016","62.1881","62.3778","62.3969","62.1315","-0.30"
"Oct 21, 2016","62.3778","62.4860","62.5478","62.2308","-0.17"
"Oct 20, 2016","62.4860","62.2943","62.4973","62.2693","0.31"
"Oct 19, 2016","62.2943","62.8137","62.8137","62.2004","-0.83"
"Oct 18, 2016","62.8137","63.1094","63.1104","62.7970","-0.47"
"Oct 17, 2016","63.1094","62.9718","63.2115","62.7482","0.22"
"Oct 14, 2016","62.9718","63.0334","63.0555","62.8126","-0.10"
"Oct 13, 2016","63.0334","63.0037","63.4921","62.9045","0.05"
"Oct 12, 2016","63.0037","62.6700","63.1453","62.4951","0.53"
"Oct 11, 2016","62.6700","61.9853","62.8674","61.9853","1.10"
"Oct 10, 2016","61.9853","62.2051","62.5152","61.8510","-0.35"
"Oct 07, 2016","62.2051","62.0861","62.5221","61.9758","0.19"
"Oct 06, 2016","62.0861","62.4194","62.4528","62.0819","-0.53"
"Oct 05, 2016","62.4194","62.6713","62.6713","62.3021","-0.40"
"Oct 04, 2016","62.6713","62.2769","62.8500","62.2769","0.63"
"Oct 03, 2016","62.2769","62.8343","62.8343","62.1610","-0.89"
"Sep 30, 2016","62.8343","63.0892","63.4985","62.6585","-0.40"
"Sep 29, 2016","63.0892","63.0129","63.3583","62.9005","0.12"
"Sep 28, 2016","63.0129","63.8560","64.0814","63.0129","-1.32"
"Sep 27, 2016","63.8560","63.9264","64.0820","63.5790","-0.11"
"Sep 26, 2016","63.9264","64.0518","64.2594","63.5984","-0.20"
"Sep 23, 2016","64.0518","63.6999","64.1100","63.3916","0.55"
"Sep 22, 2016","63.6999","63.8353","63.9582","63.5091","-0.21"
"Sep 21, 2016","63.8353","64.7819","64.7819","63.7993","-1.46"
"Sep 20, 2016","64.7819","64.6569","65.0092","64.5943","0.19"
"Sep 19, 2016","64.6569","65.1138","65.1200","64.3964","-0.70"
"Sep 16, 2016","65.1138","64.7683","65.2405","64.7668","0.53"
"Sep 15, 2016","64.7683","65.1533","65.3491","64.6828","-0.59"
"Sep 14, 2016","65.1533","65.2994","65.2999","64.8256","-0.22"
"Sep 13, 2016","65.2994","64.5918","65.4609","64.5875","1.10"
"Sep 12, 2016","64.5918","64.8199","65.2975","64.4480","-0.35"
"Sep 09, 2016","64.8199","63.9808","64.8256","63.9808","1.31"
"Sep 08, 2016","63.9808","64.1378","64.1378","63.5869","-0.24"
"Sep 07, 2016","64.1378","64.5645","64.5926","64.1378","-0.66"
"Sep 06, 2016","64.5645","65.0742","65.0800","64.4115","-0.78"
"Sep 05, 2016","65.0742","65.0975","65.1500","64.5238","-0.04"
"Sep 02, 2016","65.0975","65.9177","65.9487","65.0058","-1.24"
"Sep 01, 2016","65.9177","65.3317","65.9735","65.1731","0.90"
"Aug 31, 2016","65.3317","65.2607","65.4364","65.1311","0.11"
"Aug 30, 2016","65.2607","64.7624","65.3330","64.7500","0.77"
"Aug 29, 2016","64.7624","64.8556","65.1675","64.7414","-0.14"
"Aug 26, 2016","64.8556","64.6825","64.9760","64.2468","0.27"
"Aug 25, 2016","64.6825","65.1602","65.1700","64.5815","-0.73"
"Aug 24, 2016","65.1602","64.5946","65.3118","64.5946","0.88"
"Aug 23, 2016","64.5946","64.8112","64.8753","64.2965","-0.33"
"Aug 22, 2016","64.8112","63.9060","64.8169","63.9000","1.42"
"Aug 19, 2016","63.9060","63.6637","64.1057","63.6039","0.38"
"Aug 18, 2016","63.6637","63.8325","64.1642","63.4193","-0.26"
"Aug 17, 2016","63.8325","63.7823","64.3276","63.7750","0.08"
"Aug 16, 2016","63.7823","64.0429","64.1748","63.5655","-0.41"
"Aug 15, 2016","64.0429","64.7640","64.7640","63.9100","-1.11"
"Aug 12, 2016","64.7640","64.3135","64.9895","64.1060","0.70"
"Aug 11, 2016","64.3135","64.8700","65.0391","64.1467","-0.86"
"Aug 10, 2016","64.8700","64.7730","64.9241","64.1804","0.15"
"Aug 09, 2016","64.7730","64.6274","65.1137","64.5250","0.23"
"Aug 08, 2016","64.6274","65.5352","65.5475","64.4572","-1.39"
"Aug 05, 2016","65.5352","65.7809","65.8615","65.0083","-0.37"
"Aug 04, 2016","65.7809","66.2634","66.5414","65.6148","-0.73"
"Aug 03, 2016","66.2634","66.6682","67.0023","66.1599","-0.61"
"Aug 02, 2016","66.6682","66.9005","67.0185","66.0383","-0.35"
"Aug 01, 2016","66.9005","66.0429","66.9603","65.8378","1.30"
"Jul 29, 2016","66.0429","66.6038","67.1548","65.9216","-0.84"
"Jul 28, 2016","66.6038","65.9353","66.7525","65.9323","1.01"
"Jul 27, 2016","65.9353","65.9448","66.4395","65.7185","-0.01"
"Jul 26, 2016","65.9448","65.4183","66.5316","65.4183","0.80"
"Jul 25, 2016","65.4183","64.9526","65.5435","64.8128","0.85"
"Jul 22, 2016","64.8689","64.3803","64.9704","64.3511","0.76"
"Jul 21, 2016","64.3803","63.7773","64.4103","63.5725","0.95"
"Jul 20, 2016","63.7773","63.5394","63.9063","63.1592","0.37"
"Jul 19, 2016","63.5394","62.8635","63.7410","62.8169","1.08"
"Jul 18, 2016","62.8635","63.5079","63.5100","62.7983","-1.01"
"Jul 15, 2016","63.5079","62.8268","63.5083","62.8268","1.08"
"Jul 14, 2016","62.8268","63.8403","63.8500","62.7597","-1.59"
"Jul 13, 2016","63.8403","63.8928","64.0560","63.6929","-0.08"
"Jul 12, 2016","63.8928","64.1963","64.2007","63.7366","-0.47"
"Jul 11, 2016","64.1963","63.9669","64.3004","63.9669","0.36"
"Jul 08, 2016","63.9669","64.5625","64.5625","63.7397","-0.92"
"Jul 07, 2016","64.5625","64.2031","64.7475","63.7443","0.56"
"Jul 06, 2016","64.2031","64.3284","64.8014","64.1872","-0.19"
"Jul 05, 2016","64.3284","63.9291","64.6633","63.9291","0.62"
"Jul 04, 2016","63.9291","63.8040","63.9993","63.5498","0.20"
"Jul 01, 2016","63.8040","63.9731","64.2542","63.8027","-0.26"
"Jun 30, 2016","63.9731","63.8232","64.4104","63.7557","0.23"
"Jun 29, 2016","63.8232","64.0780","64.4664","63.6200","-0.40"
"Jun 28, 2016","64.0780","65.4441","65.4441","64.0064","-2.09"
"Jun 27, 2016","65.4441","65.2733","65.6438","64.8356","0.26"
"Jun 24, 2016","65.2733","63.8300","65.8080","63.8300","2.26"
"Jun 23, 2016","63.8300","64.8807","64.8900","63.7707","-1.62"
"Jun 22, 2016","64.8807","63.7824","65.1308","63.5336","1.72"
"Jun 21, 2016","63.7824","64.2835","64.4552","63.7611","-0.78"
"Jun 20, 2016","64.2835","64.8461","64.8500","63.7788","-0.87"
"Jun 17, 2016","64.8461","65.7658","65.7800","64.7083","-1.40"
"Jun 16, 2016","65.7658","65.5585","66.0775","65.3638","0.32"
"Jun 15, 2016","65.5585","66.1385","66.1410","65.1129","-0.88"
"Jun 14, 2016","66.1385","65.2705","66.2955","65.2705","1.33"
"Jun 10, 2016","65.2705","64.3363","65.3745","64.1587","1.45"
"Jun 09, 2016","64.3363","63.6131","64.4698","63.4277","1.14"
"Jun 08, 2016","63.6131","64.6133","64.7897","63.5140","-1.55"
"Jun 07, 2016","64.6133","65.2693","65.4205","64.5308","-1.01"
"Jun 06, 2016","65.2693","65.6149","65.9693","65.1336","-0.53"
"Jun 03, 2016","65.6149","66.9720","67.1550","65.6119","-2.03"
"Jun 02, 2016","66.9720","67.1015","67.6776","66.6290","-0.19"
"Jun 01, 2016","67.1015","66.6968","67.3133","66.5300","0.61"
"May 31, 2016","66.6968","65.7944","66.9379","65.7770","1.37"
"May 30, 2016","65.7944","66.1168","66.2034","65.6265","-0.49"
"May 27, 2016","66.1168","65.8146","66.3914","65.8031","0.46"
"May 26, 2016","65.8146","65.4961","65.8657","65.0460","0.49"
"May 25, 2016","65.4961","66.1799","66.1840","65.3586","-1.03"
"May 24, 2016","66.1799","66.8260","67.1144","66.1112","-0.97"
"May 23, 2016","66.8260","66.7833","67.2054","66.7605","0.06"
"May 20, 2016","66.7833","66.7790","66.9421","66.2872","0.01"
"May 19, 2016","66.7790","65.9901","67.3038","65.9901","1.20"
"May 18, 2016","65.9901","64.7376","66.0711","64.7376","1.93"
"May 17, 2016","64.7376","64.8914","65.0594","64.4075","-0.24"
"May 16, 2016","64.8914","65.4546","65.4800","64.6168","-0.86"
"May 13, 2016","65.4546","64.8982","65.5521","64.7570","0.86"
"May 12, 2016","64.8982","64.9921","65.5186","64.5847","-0.14"
"May 11, 2016","64.9921","66.2856","66.3617","64.9149","-1.95"
"May 10, 2016","66.2856","65.9470","66.6454","65.9448","0.51"
"May 06, 2016","65.9470","65.8616","66.5885","65.5606","0.13"
"May 05, 2016","65.8616","66.5318","66.5320","65.2283","-1.01"
"May 04, 2016","66.5318","64.6542","66.7081","64.6300","2.90"
"Apr 29, 2016","64.6542","64.7010","64.8679","64.0046","-0.07"
"Apr 28, 2016","64.7010","65.1325","65.3006","64.1955","-0.66"
"Apr 27, 2016","65.1325","65.1825","65.9594","64.9900","-0.08"
"Apr 26, 2016","65.1825","66.5674","66.6394","65.1825","-2.08"
"Apr 25, 2016","66.5674","66.4792","66.8296","65.9043","0.13"
"Apr 22, 2016","66.4792","66.8337","66.8415","65.5662","-0.53"
"Apr 21, 2016","66.8337","65.1893","66.9278","64.6590","2.52"
"Apr 20, 2016","65.1893","65.8547","66.4550","65.1306","-1.01"
"Apr 19, 2016","65.8547","66.0847","66.2667","65.4436","-0.35"
"Apr 18, 2016","66.0847","66.4050","68.7618","66.0639","-0.48"
"Apr 15, 2016","66.4050","66.1361","66.6195","65.8905","0.41"
"Apr 14, 2016","66.1361","66.2975","66.6288","65.7911","-0.24"
"Apr 13, 2016","66.2975","65.7183","66.3498","65.2662","0.88"
"Apr 12, 2016","65.7183","66.7928","66.7934","65.1861","-1.61"
"Apr 11, 2016","66.7928","67.1262","67.3458","66.4431","-0.50"
"Apr 08, 2016","67.1262","67.9942","68.0280","66.9380","-1.28"
"Apr 07, 2016","67.9942","67.6066","68.3897","67.5926","0.57"
"Apr 06, 2016","67.6066","68.5667","68.8383","67.5494","-1.40"
"Apr 05, 2016","68.5667","68.7464","69.4728","68.5532","-0.26"
"Apr 04, 2016","68.7464","67.5855","68.8977","67.5855","1.72"
"Apr 01, 2016","67.5855","67.0288","68.3415","66.9732","0.83"
"Mar 31, 2016","67.0288","68.2440","68.2440","66.7170","-1.78"
"Mar 30, 2016","68.2440","68.0899","68.3549","67.2004","0.23"
"Mar 29, 2016","68.0899","68.5128","69.2061","67.9979","-0.62"
"Mar 28, 2016","68.5128","68.4470","68.6343","67.6303","0.10"
"Mar 25, 2016","68.4470","68.5601","68.6763","67.8344","-0.16"
"Mar 24, 2016","68.5601","68.7234","69.6384","68.2878","-0.24"
"Mar 23, 2016","68.7234","67.4914","68.7516","67.4486","1.83"
"Mar 22, 2016","67.4914","67.8348","68.2374","67.2028","-0.51"
"Mar 21, 2016","67.8348","68.3703","69.1166","67.5203","-0.78"
"Mar 18, 2016","68.3703","68.0758","68.7043","67.3026","0.43"
"Mar 17, 2016","68.0758","69.1734","69.1734","67.9606","-1.59"
"Mar 16, 2016","69.1734","71.0474","71.2303","69.1299","-2.64"
"Mar 15, 2016","71.0474","69.9772","71.3575","69.9600","1.53"
"Mar 14, 2016","69.9772","69.9192","70.9539","69.6951","0.08"
"Mar 11, 2016","69.9192","71.4291","71.4550","69.4782","-2.11"
"Mar 10, 2016","71.4291","71.1102","71.8797","69.9767","0.45"
"Mar 09, 2016","71.1102","71.4779","72.6582","70.7696","-0.51"
"Mar 07, 2016","71.4779","72.0326","72.2449","71.1390","-0.77"
"Mar 04, 2016","72.0326","73.1620","73.4294","71.7577","-1.54"
"Mar 03, 2016","73.1620","73.0278","74.0648","72.9079","0.18"
"Mar 02, 2016","73.0278","73.3731","74.2113","73.0229","-0.47"
"Mar 01, 2016","73.3731","75.1682","75.1682","73.1891","-2.39"
"Feb 29, 2016","75.1682","76.1883","76.2819","74.8940","-1.34"
"Feb 26, 2016","76.1883","75.3641","76.4086","74.5206","1.09"
"Feb 25, 2016","75.3641","75.7421","76.6408","75.1921","-0.50"
"Feb 24, 2016","75.7421","75.3462","77.5512","75.3462","0.53"
"Feb 22, 2016","75.3462","77.0453","77.0453","74.9729","-2.21"
"Feb 20, 2016","77.0453","76.9937","77.2625","76.5269","0.07"
"Feb 19, 2016","76.9937","76.4278","77.8704","76.0642","0.74"
"Feb 18, 2016","76.4278","75.0400","76.4919","74.9552","1.85"
"Feb 17, 2016","75.0400","77.8876","78.2768","74.6985","-3.66"
"Feb 16, 2016","77.8876","76.9807","78.1027","75.9297","1.18"
"Feb 15, 2016","76.9807","78.3558","78.3558","76.9176","-1.75"
"Feb 12, 2016","78.3558","79.5917","79.7666","78.1602","-1.55"
"Feb 11, 2016","79.5917","78.6429","80.6000","78.6429","1.21"
"Feb 10, 2016","78.6429","79.7087","79.7087","77.7550","-1.34"
"Feb 09, 2016","79.7087","78.5509","79.9399","78.1013","1.47"
"Feb 08, 2016","78.5509","77.4872","79.0665","76.4422","1.37"
"Feb 05, 2016","77.4872","76.9080","77.6979","76.4612","0.75"
"Feb 04, 2016","76.9080","76.8869","77.2215","75.6070","0.03"
"Feb 03, 2016","76.8869","79.7542","79.8280","76.7034","-3.60"
"Feb 02, 2016","79.7542","77.3094","79.7549","77.3094","3.16"
"Feb 01, 2016","77.3094","75.4644","77.4449","75.4273","2.44"
"Jan 29, 2016","75.4644","76.3787","76.3787","74.6083","-1.20"
"Jan 28, 2016","76.3787","77.6556","77.8664","75.5062","-1.64"
"Jan 27, 2016","77.6556","78.3342","79.4477","76.9540","-0.87"
"Jan 26, 2016","78.3342","80.0649","82.2142","77.7454","-2.16"
"Jan 25, 2016","80.0649","78.0450","80.1057","76.7135","2.59"
"Jan 22, 2016","78.0450","82.6813","82.6813","77.9909","-5.61"
"Jan 21, 2016","82.6813","81.3906","85.7520","81.3906","1.59"
"Jan 20, 2016","81.3906","78.5908","82.4411","78.5908","3.56"
"Jan 19, 2016","78.5908","79.2942","79.2942","78.1013","-0.89"
"Jan 18, 2016","79.2942","77.6411","79.3984","77.6411","2.13"
"Jan 15, 2016","77.6411","76.0647","77.9347","76.0647","2.07"
"Jan 14, 2016","76.0647","76.6724","77.0304","76.0640","-0.79"
"Jan 13, 2016","76.6724","77.0394","77.0394","75.7597","-0.48"
"Jan 12, 2016","77.0394","76.2000","77.2297","75.9207","1.10"
"Jan 11, 2016","76.2000","74.7623","76.4054","74.7623","1.86"
"Jan 08, 2016","74.8050","74.8100","75.3100","73.5100","-0.39"
"Jan 07, 2016","75.1000","74.6000","76.1700","74.0720","0.45"
"Jan 06, 2016","74.7623","73.3260","75.0218","73.3130","1.96"
"Jan 05, 2016","73.3260","73.1655","73.5432","72.7952","0.22"
"Jan 04, 2016","73.1655","73.5963","73.5963","72.6455","0.23"
"Jan 01, 2016","73.0000","72.8800","73.0000","72.8800","0.00"
"Dec 31, 2015","72.9990","73.2300","74.3700","72.7530","-0.81"
"Dec 30, 2015","73.5963","72.2122","73.6222","72.2122","1.92"
"Dec 29, 2015","72.2122","72.2113","72.8325","71.8976","0.00"
"Dec 28, 2015","72.2113","70.6670","72.4428","70.3983","2.19"
"Dec 25, 2015","70.6670","70.2508","70.7986","70.0394","0.59"
"Dec 24, 2015","70.2508","69.6966","70.7539","69.3305","0.80"
"Dec 23, 2015","69.6966","71.2450","71.2450","69.6430","-2.17"
"Dec 22, 2015","71.2450","71.2254","71.3095","70.9943","0.03"
"Dec 21, 2015","71.2254","70.9601","71.3771","70.9601","0.37"
"Dec 18, 2015","70.9601","71.1770","71.4344","70.5325","-0.30"
"Dec 17, 2015","71.1770","70.3862","71.1782","70.3084","1.12"
"Dec 16, 2015","70.3862","69.9483","70.5856","69.8370","0.63"
"Dec 15, 2015","69.9483","70.5657","71.0249","69.6640","-0.87"
"Dec 14, 2015","70.5657","70.3518","71.1841","70.0577","0.30"
"Dec 11, 2015","70.3518","69.1318","70.4930","69.0778","1.76"
"Dec 10, 2015","69.1318","69.3606","69.3606","68.6303","-0.33"
"Dec 09, 2015","69.3606","69.4666","69.6403","68.7477","-0.15"
"Dec 08, 2015","69.4666","69.4916","69.9178","69.0468","-0.04"
"Dec 07, 2015","69.4916","68.1246","69.4987","68.1246","2.01"
"Dec 04, 2015","68.1246","67.5188","68.2787","67.2490","0.90"
"Dec 03, 2015","67.5188","67.4841","68.1667","67.4810","0.05"
"Dec 02, 2015","67.4841","66.6126","67.4841","66.6067","1.31"
"Dec 01, 2015","66.6126","66.4888","66.8737","66.0833","0.19"
"Nov 30, 2015","66.4888","66.4697","66.8801","65.8683","0.03"
"Nov 27, 2015","66.4697","65.8419","66.4786","65.8419","0.95"
"Nov 26, 2015","65.8419","65.5334","65.9848","65.5269","0.47"
"Nov 25, 2015","65.5334","65.4144","66.0605","65.3097","0.18"
"Nov 24, 2015","65.4144","65.8628","66.4294","65.2108","-0.68"
"Nov 23, 2015","65.8628","64.7672","66.2206","64.7672","1.69"
"Nov 20, 2015","64.7672","64.6114","65.0297","64.3398","0.24"
"Nov 19, 2015","64.6114","64.7599","65.1386","64.3897","-0.23"
"Nov 18, 2015","64.7599","65.1463","65.4923","64.5605","-0.59"
"Nov 17, 2015","65.1463","65.2988","65.7457","64.6339","-0.23"
"Nov 16, 2015","65.2988","66.7624","66.7624","65.2235","-2.19"
"Nov 13, 2015","66.7624","66.6271","66.9866","66.3384","0.20"
"Nov 12, 2015","66.6271","65.4366","66.6466","65.3014","1.82"
"Nov 11, 2015","65.4366","64.5810","65.4844","64.3881","1.32"
"Nov 10, 2015","64.5810","64.5941","64.7355","64.1047","-0.02"
"Nov 09, 2015","64.5941","64.5929","64.8587","64.1859","0.00"
"Nov 06, 2015","64.5929","63.4329","64.8049","63.4316","1.83"
"Nov 05, 2015","63.4329","62.5868","63.5660","62.5868","0.37"
"Nov 04, 2015","63.2010","62.5350","63.3490","62.0400","0.98"
"Nov 03, 2015","62.5868","63.6481","64.0741","62.3561","-1.67"
"Nov 02, 2015","63.6481","63.9454","64.3969","63.6097","-0.46"
"Oct 30, 2015","63.9454","64.4008","64.6454","63.4880","-0.71"
"Oct 29, 2015","64.4008","63.9391","64.6772","63.7469","0.72"
"Oct 28, 2015","63.9391","64.9247","65.4832","63.3944","-1.52"
"Oct 27, 2015","64.9247","63.0122","65.1379","63.0122","3.04"
"Oct 26, 2015","63.0122","62.3638","63.0250","62.1252","1.04"
"Oct 23, 2015","62.3638","62.5961","62.5961","61.6790","-0.37"
"Oct 22, 2015","62.5961","63.0471","63.0471","62.3963","-0.72"
"Oct 21, 2015","63.0471","62.1100","63.1366","62.1100","1.51"
"Oct 20, 2015","62.1100","62.2839","62.3609","61.6853","-0.28"
"Oct 19, 2015","62.2839","61.2708","62.4180","61.2041","1.65"
"Oct 16, 2015","61.2708","61.3889","62.0962","61.1354","-0.19"
"Oct 15, 2015","61.3889","62.6939","62.6939","61.3889","-2.08"
"Oct 14, 2015","62.6939","63.0786","63.2790","62.5463","-0.61"
"Oct 13, 2015","63.0786","62.2730","63.1833","62.0512","1.29"
"Oct 12, 2015","62.2730","61.8110","62.5273","60.9255","0.75"
"Oct 09, 2015","61.8110","61.3690","61.8165","60.8451","0.72"
"Oct 08, 2015","61.3690","62.6657","62.6713","61.3145","-2.07"
"Oct 07, 2015","62.6657","63.3639","63.3639","61.8904","-1.10"
"Oct 06, 2015","63.3639","64.7771","65.2542","63.3639","-2.18"
"Oct 05, 2015","64.7771","66.0066","66.0066","64.5550","-1.86"
"Oct 02, 2015","66.0066","65.6968","66.6476","65.6535","0.47"
"Oct 01, 2015","65.6968","65.4532","65.8045","64.8280","0.37"
"Sep 30, 2015","65.4532","65.7278","65.9895","65.2533","-0.42"
"Sep 29, 2015","65.7278","66.0784","66.3158","65.4347","-0.53"
"Sep 28, 2015","66.0784","65.5164","66.1702","65.3652","0.86"
"Sep 25, 2015","65.5164","66.0912","66.0912","65.4010","-0.87"
"Sep 24, 2015","66.0912","66.4069","66.7636","66.0418","-0.48"
"Sep 23, 2015","66.4069","66.0189","66.4988","65.5043","0.59"
"Sep 22, 2015","66.0189","66.0149","66.7213","66.0002","0.01"
"Sep 21, 2015","66.0149","66.5011","66.5011","65.6858","-0.73"
"Sep 18, 2015","66.5011","65.4154","66.6100","65.3367","1.66"
"Sep 17, 2015","65.4154","65.3293","66.2119","64.9179","0.13"
"Sep 16, 2015","65.3293","66.7050","66.7050","64.9341","-2.06"
"Sep 15, 2015","66.7050","67.4673","67.6323","66.5468","-1.13"
"Sep 14, 2015","67.4673","67.9536","68.0710","67.1828","-0.72"
"Sep 11, 2015","67.9536","67.7313","68.2592","67.5586","0.33"
"Sep 10, 2015","67.7313","68.4810","68.8570","67.4669","-1.09"
"Sep 09, 2015","68.4810","67.9836","68.5568","67.3712","0.73"
"Sep 08, 2015","67.9836","69.0980","69.0980","67.7114","-1.61"
"Sep 07, 2015","69.0980","68.5238","69.2889","68.1690","0.90"
"Sep 04, 2015","68.4838","67.1930","68.5237","67.1248","1.92"
"Sep 03, 2015","67.1930","67.0242","67.5788","66.1850","0.25"
"Sep 02, 2015","67.0242","66.7987","67.8970","66.3316","0.34"
"Sep 01, 2015","66.7987","64.2768","66.7998","64.2768","3.92"
"Aug 31, 2015","64.2768","65.4230","67.3542","63.7190","-1.75"
"Aug 28, 2015","65.4230","66.0333","67.3563","64.8438","-0.92"
"Aug 27, 2015","66.0333","68.9066","68.9066","65.7936","-4.17"
"Aug 26, 2015","68.9066","69.0514","69.9215","68.5516","-0.21"
"Aug 25, 2015","69.0514","70.8892","70.9434","68.1630","-2.59"
"Aug 24, 2015","70.8892","69.1330","71.6014","69.1330","2.54"
"Aug 21, 2015","69.1330","67.9297","69.2692","67.8890","1.77"
"Aug 20, 2015","67.9297","66.6027","68.0282","66.6027","1.99"
"Aug 19, 2015","66.6027","65.8717","66.6050","65.5213","1.11"
"Aug 18, 2015","65.8717","65.5000","65.9345","65.5000","0.57"
"Aug 17, 2015","65.5000","64.9938","65.7277","64.9938","0.78"
"Aug 14, 2015","64.9938","64.6977","65.0320","64.4253","0.46"
"Aug 13, 2015","64.6977","64.2518","65.0143","63.7682","0.69"
"Aug 12, 2015","64.2518","64.2719","65.2211","64.0837","-0.03"
"Aug 11, 2015","64.2719","62.8730","64.5091","62.8730","2.22"
"Aug 10, 2015","62.8730","64.0370","64.6420","62.7130","-1.82"
"Aug 07, 2015","64.0370","64.0149","64.6894","63.4633","0.03"
"Aug 06, 2015","64.0149","63.4619","64.5489","63.3631","0.87"
"Aug 05, 2015","63.4619","63.0518","63.7956","62.5759","0.65"
"Aug 04, 2015","63.0518","63.5263","63.5263","62.4698","-0.75"
"Aug 03, 2015","63.5263","61.7417","63.5923","61.7417","2.89"
"Jul 31, 2015","61.7417","59.7270","61.7507","59.7270","3.37"
"Jul 30, 2015","59.7270","58.6778","59.8859","58.6778","1.79"
"Jul 29, 2015","58.6778","60.0155","60.0307","58.5752","-2.23"
"Jul 28, 2015","60.0155","59.6501","60.7966","59.6501","0.61"
"Jul 27, 2015","59.6501","58.4299","59.7979","58.3974","2.09"
"Jul 24, 2015","58.4299","57.8501","58.7070","57.8501","1.00"
"Jul 23, 2015","57.8501","57.4359","57.9746","57.2864","0.72"
"Jul 22, 2015","57.4359","56.9346","57.4977","56.9257","0.88"
"Jul 21, 2015","56.9346","56.9939","57.0879","56.7586","-0.10"
"Jul 20, 2015","56.9939","56.9669","57.0569","56.7288","0.05"
"Jul 17, 2015","56.9669","56.9496","57.1005","56.7303","0.03"
"Jul 16, 2015","56.9496","56.9520","57.0415","56.5042","-0.00"
"Jul 15, 2015","56.9520","56.4068","56.9550","56.4068","0.97"
"Jul 14, 2015","56.4068","56.5410","57.0470","56.4001","-0.24"
"Jul 13, 2015","56.5410","56.3876","56.8354","56.3533","0.27"
"Jul 10, 2015","56.3876","57.1921","57.1921","56.2059","-1.41"
"Jul 09, 2015","57.1921","57.4966","57.4966","56.5614","-0.53"
"Jul 08, 2015","57.4966","56.7309","57.6143","56.7309","1.35"
"Jul 07, 2015","56.7309","56.8816","57.6765","56.4615","-0.26"
"Jul 06, 2015","56.8816","55.9773","56.9047","55.9773","1.62"
"Jul 03, 2015","55.9773","55.5334","55.9892","55.4387","0.80"
"Jul 02, 2015","55.5334","55.8397","55.9024","55.3260","-0.55"
"Jul 01, 2015","55.8397","55.2806","55.8450","55.2704","1.01"
"Jun 30, 2015","55.2806","55.7448","55.9614","54.9901","-0.83"
"Jun 29, 2015","55.7448","54.8060","55.7520","54.8060","1.71"
"Jun 26, 2015","54.8060","54.7160","55.3008","54.7072","0.16"
"Jun 25, 2015","54.7160","54.4662","54.9051","54.4662","0.46"
"Jun 24, 2015","54.4662","53.8511","54.6834","53.6866","1.14"
"Jun 23, 2015","53.8511","53.9301","54.6540","53.7952","-0.15"
"Jun 22, 2015","53.9301","54.0064","54.0840","53.3797","-0.14"
"Jun 19, 2015","54.0064","53.4641","54.5398","53.4318","1.01"
"Jun 18, 2015","53.4641","53.6084","53.8667","53.0322","-0.27"
"Jun 17, 2015","53.6084","53.7588","54.3192","53.5685","-0.28"
"Jun 16, 2015","53.7588","54.5077","54.5077","53.5060","-1.37"
"Jun 15, 2015","54.5077","54.7913","55.5472","54.3634","-1.24"
"Jun 12, 2015","55.1910","55.0960","55.4210","55.0000","0.73"
"Jun 11, 2015","54.7913","54.3462","54.9117","54.2326","0.82"
"Jun 10, 2015","54.3462","55.5456","55.5456","53.8349","-2.16"
"Jun 09, 2015","55.5456","55.9969","56.0968","55.5450","-0.81"
"Jun 08, 2015","55.9969","56.2446","56.3661","55.6561","-0.44"
"Jun 05, 2015","56.2446","56.4487","56.2446","56.2446","-0.36"
"Jun 04, 2015","56.4487","54.2938","56.4487","56.4487","3.97"
"Jun 03, 2015","54.2938","52.8647","54.2938","54.2938","2.70"
"Jun 02, 2015","52.8647","52.8069","52.8647","52.8647","-1.41"
"Jun 01, 2015","53.6187","52.3212","53.6187","53.6187","2.48"
"May 29, 2015","52.3212","52.5899","52.3212","52.3212","-0.51"
"May 28, 2015","52.5899","51.9873","52.5899","52.5899","1.16"
"May 27, 2015","51.9873","50.9499","51.9873","51.9873","2.04"
"May 26, 2015","50.9499","49.9733","50.9499","50.9499","1.95"
"May 25, 2015","49.9733","49.9817","49.9733","49.9733","-0.02"
"May 22, 2015","49.9817","49.9847","49.9817","49.9817","-0.01"
"May 21, 2015","49.9847","49.7284","49.9847","49.9847","0.52"
"May 20, 2015","49.7284","49.5371","49.7284","49.7284","0.39"
"May 19, 2015","49.5371","49.0687","49.5371","49.5371","0.95"
"May 18, 2015","49.0687","49.5628","49.0687","49.0687","-1.00"
"May 15, 2015","49.5628","50.1220","49.5628","49.5628","-1.12"
"May 14, 2015","50.1220","49.2576","50.1220","50.1220","1.75"
"May 13, 2015","49.2576","49.9501","49.2576","49.2576","-1.39"
"May 12, 2015","49.9501","51.0377","49.9501","49.9501","-2.53"
"May 11, 2015","51.2460","50.4140","51.7860","50.4140","0.41"
"May 08, 2015","51.0377","50.3321","51.0377","51.0377","1.40"
"May 07, 2015","50.3321","51.0011","50.3321","50.3321","-1.31"
"May 06, 2015","51.0011","50.4491","51.0011","51.0011","1.09"
"May 05, 2015","50.4491","51.6513","50.4491","50.4491","-3.19"
"May 04, 2015","52.1110","51.7330","52.3310","51.1200","0.61"
"May 01, 2015","51.7960","51.6930","51.9660","51.1700","0.28"
"Apr 30, 2015","51.6513","51.0402","51.6513","51.6513","1.20"
"Apr 29, 2015","51.0402","51.5342","51.0402","51.0402","-0.96"
"Apr 28, 2015","51.5342","51.9876","51.5342","51.5342","-0.87"
"Apr 27, 2015","51.9876","50.9084","51.9876","51.9876","2.12"
"Apr 24, 2015","50.9084","50.7827","50.9084","50.9084","0.25"
"Apr 23, 2015","50.7827","52.2144","50.7827","50.7827","-2.74"
"Apr 22, 2015","52.2144","53.7634","52.2144","52.2144","-2.88"
"Apr 21, 2015","53.7634","53.3222","53.7634","53.7634","0.83"
"Apr 20, 2015","53.3222","51.8821","53.3222","53.3222","2.78"
"Apr 17, 2015","51.8821","49.7995","51.8821","51.8821","4.18"
"Apr 16, 2015","49.7995","49.7024","49.7995","49.7995","0.20"
"Apr 15, 2015","49.7024","50.8833","49.7024","49.7024","-2.32"
"Apr 14, 2015","50.8833","52.0423","50.8833","50.8833","-2.23"
"Apr 13, 2015","52.0423","53.6162","52.0423","52.0423","-2.94"
"Apr 10, 2015","53.6162","51.8875","53.6162","53.6162","3.33"
"Apr 09, 2015","51.8875","53.6005","51.8875","51.8875","-3.20"
"Apr 08, 2015","53.6005","55.0283","53.6005","53.6005","-2.59"
"Apr 07, 2015","55.0283","55.4838","55.0283","55.0283","-0.82"
"Apr 06, 2015","55.4838","56.6100","55.4838","55.4838","-1.99"
"Apr 03, 2015","56.6100","56.6453","56.6100","56.6100","-0.06"
"Apr 02, 2015","56.6453","57.6204","56.6453","56.6453","-1.69"
"Apr 01, 2015","57.6204","58.1993","57.6204","57.6204","-0.99"
"Mar 31, 2015","58.1993","57.5936","58.1993","58.1993","1.05"
"Mar 30, 2015","57.5936","57.8960","57.5936","57.5936","-0.52"
"Mar 27, 2015","57.8960","57.2957","57.8960","57.8960","1.05"
"Mar 26, 2015","57.2957","57.3978","57.2957","57.2957","-0.18"
"Mar 25, 2015","57.3978","57.7006","57.3978","57.3978","-0.52"
"Mar 24, 2015","57.7006","58.7450","57.7006","57.7006","-1.78"
"Mar 23, 2015","58.7450","59.2727","58.7450","58.7450","-0.89"
"Mar 20, 2015","59.2727","59.9972","59.2727","59.2727","-1.21"
"Mar 19, 2015","59.9972","59.3145","59.9972","59.9972","1.15"
"Mar 18, 2015","59.3145","61.4528","59.3145","59.3145","-3.48"
"Mar 17, 2015","61.4528","62.1895","61.4528","61.4528","-1.18"
"Mar 16, 2015","62.1895","62.2160","62.1895","62.1895","-0.04"
"Mar 13, 2015","62.2160","61.2711","62.2160","62.2160","1.54"
"Mar 12, 2015","61.2711","61.6381","61.2711","61.2711","-0.60"
"Mar 11, 2015","61.6381","62.5248","61.6381","61.6381","-1.42"
"Mar 10, 2015","62.5248","60.4303","62.5248","62.5248","2.86"
"Mar 09, 2015","60.7890","60.3830","61.0850","60.0000","0.59"
"Mar 06, 2015","60.4303","60.8328","60.4303","60.4303","-0.66"
"Mar 05, 2015","60.8328","61.9741","60.8328","60.8328","-1.84"
"Mar 04, 2015","61.9741","61.9255","61.9741","61.9741","0.08"
"Mar 03, 2015","61.9255","62.6193","61.9255","61.9255","-1.11"
"Mar 02, 2015","62.6193","61.6207","62.6193","62.6193","1.62"
"Feb 27, 2015","61.6207","61.1606","61.6207","61.6207","0.75"
"Feb 26, 2015","61.1606","61.3583","61.1606","61.1606","-0.32"
"Feb 25, 2015","61.3583","62.8549","61.3583","61.3583","-2.38"
"Feb 24, 2015","62.8549","62.0120","62.8549","62.8549","-1.48"
"Feb 23, 2015","63.8000","62.1500","64.6000","61.5000","2.88"
"Feb 20, 2015","62.0120","61.9023","62.0120","62.0120","0.18"
"Feb 19, 2015","61.9023","61.5669","61.9023","61.9023","0.54"
"Feb 18, 2015","61.5669","62.5819","61.5669","61.5669","-1.62"
"Feb 17, 2015","62.5819","63.1931","62.5819","62.5819","-0.97"
"Feb 16, 2015","63.1931","63.5449","63.1931","63.1931","-0.55"
"Feb 13, 2015","63.5449","65.1725","63.5449","63.5449","-2.50"
"Feb 12, 2015","65.1725","65.3146","65.1725","65.1725","-0.22"
"Feb 11, 2015","65.3146","65.4528","65.3146","65.3146","-0.21"
"Feb 10, 2015","65.4528","65.7958","65.4528","65.4528","-0.52"
"Feb 09, 2015","65.7958","66.9112","65.7958","65.7958","-1.67"
"Feb 06, 2015","66.9112","66.4901","66.9112","66.9112","0.63"
"Feb 05, 2015","66.4901","68.0081","66.4901","66.4901","-2.23"
"Feb 04, 2015","68.0081","65.1916","68.0081","68.0081","4.32"
"Feb 03, 2015","65.1916","68.3189","65.1916","65.1916","-4.58"
"Feb 02, 2015","68.3189","68.8629","68.3189","68.3189","-0.79"
"Jan 30, 2015","68.8629","68.7572","68.8629","68.8629","0.15"
"Jan 29, 2015","68.7572","68.0284","68.7572","68.7572","1.07"
"Jan 28, 2015","68.0284","66.8431","68.0284","68.0284","1.77"
"Jan 27, 2015","66.8431","68.5074","66.8431","66.8431","-2.43"
"Jan 26, 2015","68.5074","64.2388","68.5074","68.5074","6.64"
"Jan 23, 2015","64.2388","64.1307","64.2388","64.2388","0.17"
"Jan 22, 2015","64.1307","65.3002","64.1307","64.1307","-1.79"
"Jan 21, 2015","65.3002","65.1776","65.3002","65.3002","0.19"
"Jan 20, 2015","65.1776","65.0073","65.1776","65.1776","0.26"
"Jan 19, 2015","65.0073","65.1220","65.0073","65.0073","-0.18"
"Jan 16, 2015","65.1220","65.2315","65.1220","65.1220","-0.17"
"Jan 15, 2015","65.2315","64.7915","65.2315","65.2315","0.68"
"Jan 14, 2015","64.7915","65.2646","64.7915","64.7915","-0.72"
"Jan 13, 2015","65.2646","63.1624","65.2646","65.2646","3.33"
"Jan 12, 2015","63.1624","61.4457","63.1624","63.1624","2.79"
"Jan 09, 2015","61.4457","60.3831","61.4457","61.4457","1.76"
"Jan 08, 2015","60.3831","63.0892","60.3831","60.3831","-4.00"
"Jan 07, 2015","62.9000","63.7300","64.1450","62.0550","-0.30"
"Jan 06, 2015","63.0892","60.8074","63.0892","63.0892","3.75"
"Jan 05, 2015","60.8074","55.9077","60.8074","60.8074","3.50"
"Jan 02, 2015","58.7500","58.0460","61.2400","57.9950","1.21"
"Jan 01, 2015","58.0480","58.0470","58.0480","58.0470","0.00"
"Dec 31, 2014","58.0480","55.2900","60.5610","55.2900","3.83"
"Dec 30, 2014","55.9077","58.3217","55.9077","55.9077","-4.14"
"Dec 29, 2014","58.3217","53.9500","58.3217","58.3217","8.10"
"Dec 26, 2014","53.9500","52.5179","53.9500","53.9500","2.73"
"Dec 25, 2014","52.5179","53.5000","52.5179","52.5179","-1.84"
"Dec 24, 2014","53.5000","54.5611","53.5000","53.5000","-1.94"
"Dec 23, 2014","54.5611","55.8605","54.5611","54.5611","-2.33"
"Dec 22, 2014","55.8605","58.6014","55.8605","55.8605","-4.68"
"Dec 19, 2014","58.6014","61.5000","58.6014","58.6014","-4.71"
"Dec 18, 2014","61.5000","60.5720","61.5000","61.5000","1.53"
"Dec 17, 2014","60.5720","67.5062","60.5720","60.5720","-10.27"
"Dec 16, 2014","67.5062","64.4455","67.5062","67.5062","4.75"
"Dec 15, 2014","64.4455","58.1819","64.4455","64.4455","10.77"
"Dec 12, 2014","58.1819","56.3955","58.1819","58.1819","3.17"
"Dec 11, 2014","56.3955","54.8523","56.3955","56.3955","2.81"
"Dec 10, 2014","54.8523","54.0559","54.8523","54.8523","1.47"
"Dec 09, 2014","54.0559","53.7432","54.0559","54.0559","0.58"
"Dec 08, 2014","53.7432","52.5101","53.7432","53.7432","2.35"
"Dec 05, 2014","52.5101","54.3528","52.5101","52.5101","-3.39"
"Dec 04, 2014","54.3528","53.1568","54.3528","54.3528","2.25"
"Dec 03, 2014","53.1568","53.8500","53.1568","53.1568","-1.29"
"Dec 02, 2014","53.8500","51.1852","53.8500","53.8500","5.21"
"Dec 01, 2014","51.1852","50.4085","51.1852","51.1852","1.54"
"Nov 28, 2014","50.4085","48.6550","50.4085","50.4085","3.60"
"Nov 27, 2014","48.6550","47.3808","48.6550","48.6550","2.69"
"Nov 26, 2014","47.3808","46.2630","47.3808","47.3808","2.42"
"Nov 25, 2014","46.2630","44.9978","46.2630","46.2630","2.81"
"Nov 24, 2014","44.9978","45.7308","44.9978","44.9978","-1.60"
"Nov 21, 2014","45.7308","46.1520","45.7308","45.7308","-0.91"
"Nov 20, 2014","46.1520","46.8610","46.1520","46.1520","-1.51"
"Nov 19, 2014","46.8610","46.9025","46.8610","46.8610","-0.09"
"Nov 18, 2014","46.9025","47.1186","46.9025","46.9025","-0.46"
"Nov 17, 2014","47.1186","47.1960","47.1186","47.1186","-0.16"
"Nov 14, 2014","47.1960","46.8000","47.1960","47.1960","0.85"
"Nov 13, 2014","46.8000","45.9300","46.8000","46.8000","1.89"
"Nov 12, 2014","45.9300","46.3543","45.9300","45.9300","-0.92"
"Nov 11, 2014","46.3543","45.8525","46.3543","46.3543","1.09"
"Nov 10, 2014","45.8525","46.6500","45.8525","45.8525","-1.71"
"Nov 07, 2014","46.6500","46.8675","46.6500","46.6500","-0.46"
"Nov 06, 2014","46.8675","44.9418","46.8675","46.8675","4.28"
"Nov 05, 2014","44.9418","43.6080","44.9418","44.9418","3.10"
"Nov 04, 2014","43.5900","43.5700","43.8050","43.5480","-0.04"
"Nov 03, 2014","43.6080","43.0340","43.6080","43.6080","1.33"
"Oct 31, 2014","43.0340","41.6445","43.0340","43.0340","3.34"
"Oct 30, 2014","41.6445","42.8065","41.6445","41.6445","-2.71"
"Oct 29, 2014","42.8065","42.4793","42.8065","42.8065","0.77"
"Oct 28, 2014","42.4793","42.2980","42.4793","42.4793","0.53"
"Oct 27, 2014","42.2536","41.9405","42.2536","42.2536","0.75"
"Oct 24, 2014","41.9405","41.7328","41.9405","41.9405","0.47"
"Oct 23, 2014","41.7463","41.3246","41.7463","41.7463","1.01"
"Oct 22, 2014","41.3301","40.9400","41.3301","41.3301","0.91"
"Oct 21, 2014","40.9587","41.0501","40.9587","40.9587","-0.18"
"Oct 20, 2014","41.0320","40.6523","41.0320","41.0320","0.93"
"Oct 17, 2014","40.6523","40.9272","40.6523","40.6523","-0.84"
"Oct 16, 2014","40.9965","40.6858","40.9965","40.9965","0.83"
"Oct 15, 2014","40.6594","40.8534","40.6594","40.6594","-0.45"
"Oct 14, 2014","40.8437","40.4900","40.8437","40.8437","0.87"
"Oct 13, 2014","40.4900","40.3760","40.4900","40.4900","0.28"
"Oct 10, 2014","40.3760","40.0860","40.3760","40.3760","0.81"
"Oct 09, 2014","40.0500","40.1300","40.0500","40.0500","-0.23"
"Oct 08, 2014","40.1443","39.9402","40.1443","40.1443","0.50"
"Oct 07, 2014","39.9450","39.8587","39.9450","39.9450","0.16"
"Oct 06, 2014","39.8824","39.9386","39.8824","39.8824","-0.14"
"Oct 03, 2014","39.9387","39.6540","39.9387","39.9387","0.75"
"Oct 02, 2014","39.6396","39.6600","39.6396","39.6396","-0.04"
"Oct 01, 2014","39.6555","39.5727","39.6555","39.6555","0.14"
"Sep 30, 2014","39.6005","39.4757","39.6005","39.6005","0.42"
"Sep 29, 2014","39.4339","39.1123","39.4339","39.4339","0.84"
"Sep 26, 2014","39.1050","38.4810","39.1050","39.1050","1.63"
"Sep 25, 2014","38.4790","38.1891","38.4790","38.4790","0.78"
"Sep 24, 2014","38.1805","38.5967","38.1805","38.1805","-1.08"
"Sep 23, 2014","38.5967","38.6700","38.5967","38.5967","-0.18"
"Sep 22, 2014","38.6655","38.5396","38.6655","38.6655","0.33"
"Sep 19, 2014","38.5396","38.4011","38.5396","38.5396","0.27"
"Sep 18, 2014","38.4343","38.3890","38.4343","38.4343","0.19"
"Sep 17, 2014","38.3630","38.7223","38.3630","38.3630","-0.92"
"Sep 16, 2014","38.7183","38.3685","38.7183","38.7183","0.97"
"Sep 15, 2014","38.3475","37.8805","38.3475","38.3475","1.26"
"Sep 12, 2014","37.8690","37.5198","37.8690","37.8690","1.01"
"Sep 11, 2014","37.4922","37.3291","37.4922","37.4922","0.41"
"Sep 10, 2014","37.3373","37.0685","37.3373","37.3373","0.63"
"Sep 09, 2014","37.1034","37.0563","37.1034","37.1034","0.14"
"Sep 08, 2014","37.0504","37.0735","37.0504","37.0504","0.27"
"Sep 05, 2014","36.9489","36.9761","36.9489","36.9489","-0.07"
"Sep 04, 2014","36.9735","36.8388","36.9735","36.9735","0.36"
"Sep 03, 2014","36.8422","37.4305","36.8422","36.8422","-1.61"
"Sep 02, 2014","37.4459","37.2511","37.4459","37.4459","0.53"
"Sep 01, 2014","37.2469","37.0749","37.2469","37.2469","0.46"
"Aug 29, 2014","37.0760","36.7800","37.0760","37.0760","0.82"
"Aug 28, 2014","36.7760","36.1866","36.7760","36.7760","1.65"
"Aug 27, 2014","36.1779","36.0980","36.1779","36.1779","0.21"
"Aug 26, 2014","36.1035","36.1644","36.1035","36.1035","-0.14"
"Aug 25, 2014","36.1550","36.1610","36.1550","36.1550","-0.04"
"Aug 22, 2014","36.1691","36.1000","36.1691","36.1691","0.19"
"Aug 21, 2014","36.1015","36.2520","36.1015","36.1015","-0.44"
"Aug 20, 2014","36.2619","36.1915","36.2619","36.2619","0.22"
"Aug 19, 2014","36.1815","36.0930","36.1815","36.1815","0.21"
"Aug 18, 2014","36.1050","36.1783","36.1050","36.1050","-0.36"
"Aug 15, 2014","36.2370","36.0178","36.2370","36.2370","0.69"
"Aug 14, 2014","35.9880","36.0550","35.9880","35.9880","-0.29"
"Aug 13, 2014","36.0915","36.1317","36.0915","36.0915","-0.11"
"Aug 12, 2014","36.1302","35.9946","36.1302","36.1302","0.57"
"Aug 11, 2014","35.9259","36.2593","35.9259","35.9259","-0.97"
"Aug 08, 2014","36.2778","36.2857","36.2778","36.2778","0.00"
"Aug 07, 2014","36.2772","36.1858","36.2772","36.2772","0.15"
"Aug 06, 2014","36.2230","35.9200","36.2230","36.2230","0.89"
"Aug 05, 2014","35.9021","35.8285","35.9021","35.9021","0.19"
"Aug 04, 2014","35.8333","35.7482","35.8333","35.8333","0.33"
"Aug 01, 2014","35.7145","35.7590","35.7145","35.7145","0.19"
"Jul 31, 2014","35.6474","35.6146","35.6474","35.6474","0.09"
"Jul 30, 2014","35.6146","35.7066","35.6146","35.6146","-0.35"
"Jul 29, 2014","35.7400","35.5250","35.7400","35.7400","0.71"
"Jul 28, 2014","35.4872","35.0950","35.4872","35.4872","1.12"
"Jul 25, 2014","35.0950","35.0793","35.0950","35.0950","0.16"
"Jul 24, 2014","35.0406","34.8408","35.0406","35.0406","0.58"
"Jul 23, 2014","34.8395","34.8947","34.8395","34.8395","-0.34"
"Jul 22, 2014","34.9581","35.2003","34.9581","34.9581","-0.68"
"Jul 21, 2014","35.1964","35.1145","35.1964","35.1964","0.25"
"Jul 18, 2014","35.1100","35.2484","35.1100","35.1100","0.51"
"Jul 17, 2014","34.9324","34.4206","34.9324","34.9324","1.55"
"Jul 16, 2014","34.3980","34.4138","34.3980","34.3980","0.04"
"Jul 15, 2014","34.3843","34.3865","34.3843","34.3843","0.20"
"Jul 14, 2014","34.3150","34.1629","34.3150","34.3150","0.45"
"Jul 11, 2014","34.1605","34.0356","34.1605","34.1605","0.36"
"Jul 10, 2014","34.0388","33.8624","34.0388","34.0388","0.21"
"Jul 09, 2014","33.9675","34.2355","33.9675","33.9675","-0.93"
"Jul 08, 2014","34.2880","34.4869","34.2880","34.2880","-0.45"
"Jul 07, 2014","34.4430","34.3920","34.6300","34.3830","0.13"
"Jul 04, 2014","34.3990","34.2860","34.5060","34.2100","0.31"
"Jul 03, 2014","34.2910","34.2480","34.4110","34.1300","0.05"
"Jul 02, 2014","34.2750","34.3560","34.3830","34.1480","-0.24"
"Jul 01, 2014","34.3580","33.9780","34.3670","33.9750","1.09"
"Jun 30, 2014","33.9880","33.7300","34.0660","33.7070","0.70"
"Jun 27, 2014","33.7530","33.7120","33.7620","33.5400","0.11"
"Jun 26, 2014","33.7170","33.7980","33.8100","33.6370","-0.13"
"Jun 25, 2014","33.7600","33.7950","33.9580","33.6380","-0.17"
"Jun 24, 2014","33.8180","34.0980","34.1330","33.6300","-0.81"
"Jun 23, 2014","34.0930","34.4260","34.4570","34.0700","-1.06"
"Jun 20, 2014","34.4580","34.3770","34.5370","34.3150","0.21"
"Jun 19, 2014","34.3850","34.3850","34.4550","34.1500","0.01"
"Jun 18, 2014","34.3820","34.8180","34.8710","34.3650","-1.29"
"Jun 17, 2014","34.8330","34.6080","34.8740","34.6080","0.60"
"Jun 16, 2014","34.6250","34.4200","34.6820","34.3860","0.70"
"Jun 13, 2014","34.3850","34.3800","34.4910","34.3200","0.07"
"Jun 12, 2014","34.3600","34.3850","34.4220","34.2620","-0.11"
"Jun 11, 2014","34.3980","34.3220","34.4490","34.2770","0.08"
"Jun 10, 2014","34.3690","34.3520","34.4100","34.2490","0.01"
"Jun 09, 2014","34.3670","34.4320","34.4890","34.2450","-0.23"
"Jun 06, 2014","34.4470","34.6820","34.7630","34.3800","-0.72"
"Jun 05, 2014","34.6970","34.9450","35.0230","34.6530","-0.82"
"Jun 04, 2014","34.9830","35.0850","35.2520","34.9580","-0.34"
"Jun 03, 2014","35.1020","35.0500","35.1020","34.9220","0.11"
"Jun 02, 2014","35.0650","34.9100","35.1200","34.8280","0.42"
"May 30, 2014","34.9200","34.6600","34.9370","34.6260","0.74"
"May 29, 2014","34.6650","34.5400","34.7120","34.5130","0.27"
"May 28, 2014","34.5730","34.4130","34.5930","34.3620","0.45"
"May 27, 2014","34.4170","34.1700","34.4680","34.1380","0.68"
"May 26, 2014","34.1850","34.1100","34.2130","34.0000","0.18"
"May 23, 2014","34.1250","34.2970","34.3680","34.0600","-0.54"
"May 22, 2014","34.3120","34.3330","34.3800","34.2120","-0.07"
"May 21, 2014","34.3370","34.5020","34.5850","34.2450","-0.50"
"May 20, 2014","34.5080","34.5850","34.7070","34.4800","-0.26"
"May 19, 2014","34.5970","34.7270","34.8400","34.4500","-0.43"
"May 16, 2014","34.7450","34.7600","34.8480","34.6640","-0.09"
"May 15, 2014","34.7750","34.6670","34.8620","34.5980","0.27"
"May 14, 2014","34.6820","34.8550","34.8550","34.5930","-0.55"
"May 13, 2014","34.8750","35.0250","35.0250","34.7550","-0.40"
"May 12, 2014","35.0150","35.2200","35.2980","34.9600","-0.62"
"May 09, 2014","35.2330","35.1120","35.3420","35.0380","0.30"
"May 08, 2014","35.1270","34.9220","35.1680","34.7350","0.54"
"May 07, 2014","34.9380","35.4560","35.5450","34.8880","-1.33"
"May 06, 2014","35.4100","35.6880","35.7180","35.3550","-0.89"
"May 05, 2014","35.7270","35.8980","35.8980","35.6730","-0.33"
"May 02, 2014","35.8470","35.6100","35.9070","35.5660","0.62"
"May 01, 2014","35.6270","35.6330","35.6680","35.5400","-0.02"
"Apr 30, 2014","35.6340","35.6250","35.7680","35.5870","-0.02"
"Apr 29, 2014","35.6400","35.8470","35.8620","35.5150","-0.59"
"Apr 28, 2014","35.8500","36.0050","36.1050","35.7400","-0.47"
"Apr 25, 2014","36.0200","35.7600","36.0850","35.7180","0.68"
"Apr 24, 2014","35.7750","35.7000","35.8100","35.6250","0.17"
"Apr 23, 2014","35.7150","35.6800","35.7390","35.5970","0.06"
"Apr 22, 2014","35.6950","35.6850","35.7730","35.6200","0.02"
"Apr 21, 2014","35.6880","35.6000","35.7450","35.5600","0.20"
"Apr 18, 2014","35.6150","35.4380","35.6350","35.3580","0.46"
"Apr 17, 2014","35.4530","36.0320","36.0410","35.4100","-1.61"
"Apr 16, 2014","36.0340","36.2520","36.3080","35.9300","-0.64"
"Apr 15, 2014","36.2670","35.9580","36.3530","35.9200","0.77"
"Apr 14, 2014","35.9900","35.6380","36.0390","35.6380","0.97"
"Apr 11, 2014","35.6450","35.5450","35.7530","35.5180","0.24"
"Apr 10, 2014","35.5600","35.5700","35.6100","35.4080","-0.07"
"Apr 09, 2014","35.5850","35.6780","35.8440","35.5250","-0.46"
"Apr 08, 2014","35.7500","35.6020","35.7870","35.3930","0.37"
"Apr 07, 2014","35.6170","35.3190","35.7690","35.2500","0.83"
"Apr 04, 2014","35.3240","35.5680","35.6110","35.2150","-0.73"
"Apr 03, 2014","35.5830","35.4430","35.6160","35.4050","0.37"
"Apr 02, 2014","35.4530","35.0450","35.5070","35.0280","1.14"
"Apr 01, 2014","35.0530","35.0320","35.1720","34.9240","0.02"
"Mar 31, 2014","35.0470","35.7370","35.7550","35.0320","-2.12"
"Mar 28, 2014","35.8070","35.6020","35.8070","35.6020","0.53"
"Mar 27, 2014","35.6170","35.5300","35.6590","35.4980","0.20"
"Mar 26, 2014","35.5450","35.4830","35.5810","35.3180","0.13"
"Mar 25, 2014","35.4980","36.0800","36.1280","35.4620","-1.65"
"Mar 24, 2014","36.0950","36.2730","36.3030","36.0300","-0.42"
"Mar 21, 2014","36.2480","36.3700","36.5240","36.1900","-0.40"
"Mar 20, 2014","36.3920","36.1600","36.4610","36.0050","0.58"
"Mar 19, 2014","36.1820","36.2300","36.2690","35.8730","-0.17"
"Mar 18, 2014","36.2450","36.2750","36.6170","36.1750","-0.12"
"Mar 17, 2014","36.2900","36.6380","36.7320","36.1670","-0.75"
"Mar 14, 2014","36.5650","36.5720","36.7080","36.5380","-0.06"
"Mar 13, 2014","36.5870","36.4800","36.6590","36.3950","0.29"
"Mar 12, 2014","36.4800","36.4400","36.5500","36.4190","0.07"
"Mar 11, 2014","36.4550","36.3730","36.5270","36.3000","0.18"
"Mar 10, 2014","36.3880","36.3730","36.4830","36.3270","0.00"
"Mar 07, 2014","36.3880","36.1820","36.4740","36.1780","0.72"
"Mar 06, 2014","36.1280","36.0300","36.3590","36.0260","0.23"
"Mar 05, 2014","36.0450","36.0800","36.2020","35.9050","-0.14"
"Mar 04, 2014","36.0950","36.5170","36.5170","35.9990","-1.20"
"Mar 03, 2014","36.5320","36.6410","36.6750","36.1700","1.34"
"Feb 28, 2014","36.0500","36.0050","36.2210","35.7910","0.08"
"Feb 27, 2014","36.0200","36.0250","36.2670","35.9890","-0.06"
"Feb 26, 2014","36.0400","35.7270","36.0580","35.6970","0.83"
"Feb 25, 2014","35.7420","35.5170","35.7550","35.4920","0.59"
"Feb 24, 2014","35.5320","35.4950","35.6350","35.3550","0.06"
"Feb 21, 2014","35.5100","35.7510","35.8920","35.4590","-0.69"
"Feb 20, 2014","35.7550","35.7580","35.9280","35.6400","-0.06"
"Feb 19, 2014","35.7780","35.4450","35.8780","35.4300","0.90"
"Feb 18, 2014","35.4600","35.2400","35.4860","35.1600","0.73"
"Feb 17, 2014","35.2030","35.1050","35.2970","35.0000","0.24"
"Feb 14, 2014","35.1200","35.0850","35.3920","34.9550","0.11"
"Feb 13, 2014","35.0830","34.8190","35.2700","34.7820","0.73"
"Feb 12, 2014","34.8290","34.7270","34.8460","34.7100","0.25"
"Feb 11, 2014","34.7420","34.7350","34.8900","34.6750","-0.02"
"Feb 10, 2014","34.7500","34.7370","34.8520","34.6730","-0.01"
"Feb 07, 2014","34.7520","34.7200","34.8340","34.5300","0.06"
"Feb 06, 2014","34.7300","34.8600","34.9110","34.5900","-0.39"
"Feb 05, 2014","34.8650","35.0100","35.0960","34.6280","-0.45"
"Feb 04, 2014","35.0230","35.4400","35.5650","34.9500","-1.22"
"Feb 03, 2014","35.4550","35.1550","35.4920","35.0820","0.79"
"Jan 31, 2014","35.1760","34.9150","35.3600","34.9150","0.70"
"Jan 30, 2014","34.9300","35.0810","35.4530","34.7730","-0.46"
"Jan 29, 2014","35.0910","34.6350","35.2950","34.4350","0.87"
"Jan 28, 2014","34.7880","34.6550","34.8620","34.4400","0.29"
"Jan 27, 2014","34.6880","34.4950","34.8630","34.4100","0.52"
"Jan 24, 2014","34.5100","34.1380","34.6260","34.1080","1.05"
"Jan 23, 2014","34.1530","33.9300","34.2060","33.9300","0.61"
"Jan 22, 2014","33.9450","33.9720","33.9760","33.8150","-0.09"
"Jan 21, 2014","33.9770","33.7580","34.0010","33.7450","0.60"
"Jan 20, 2014","33.7730","33.6000","33.8230","33.5600","0.47"
"Jan 17, 2014","33.6150","33.4060","33.6230","33.3880","0.60"
"Jan 16, 2014","33.4160","33.3830","33.4600","33.3350","0.05"
"Jan 15, 2014","33.3980","33.3030","33.4620","33.3030","0.24"
"Jan 14, 2014","33.3180","33.2730","33.3790","33.1970","0.09"
"Jan 13, 2014","33.2880","33.0320","33.3000","33.0100","0.87"
"Jan 10, 2014","33.0020","33.2030","33.3030","32.9870","-0.64"
"Jan 09, 2014","33.2130","33.1400","33.2590","33.0480","0.11"
"Jan 08, 2014","33.1770","33.1250","33.2150","33.0330","0.11"
"Jan 07, 2014","33.1400","33.1850","33.2580","33.0960","-0.21"
"Jan 06, 2014","33.2100","33.1780","33.2820","33.1400","0.03"
"Jan 03, 2014","33.2000","33.0950","33.2050","33.0160","0.30"
"Jan 02, 2014","33.1000","32.8400","33.1340","32.8400","0.75"
"Jan 01, 2014","32.8550","32.8500","32.8550","32.8400","-0.12"
"Dec 31, 2013","32.8950","32.8050","32.9860","32.7750","0.23"
"Dec 30, 2013","32.8200","32.5970","32.8980","32.5970","0.64"
"Dec 27, 2013","32.6120","32.6600","32.6800","32.4670","-0.19"
"Dec 26, 2013","32.6750","32.6650","32.7300","32.6200","-0.04"
"Dec 25, 2013","32.6880","32.6120","32.7500","32.6020","0.19"
"Dec 24, 2013","32.6270","32.6950","32.7170","32.5300","-0.25"
"Dec 23, 2013","32.7100","32.9650","33.0380","32.5960","-0.83"
"Dec 20, 2013","32.9850","32.9700","33.0570","32.9350","0.00"
"Dec 19, 2013","32.9850","32.8850","33.0150","32.8450","0.26"
"Dec 18, 2013","32.9000","32.9680","32.9830","32.7360","-0.25"
"Dec 17, 2013","32.9830","32.9250","32.9830","32.8200","0.13"
"Dec 16, 2013","32.9400","32.8640","32.9550","32.8300","0.11"
